{"cameraMode":{"drawMode":0,"name":"Shaded","section":"Shading Mode"},"sceneLighting":false,"audioPlay":false,"sceneViewState":{"showFog":true,"showMaterialUpdate":false,"showSkybox":true,"showFlares":true,"showImageEffects":true,"showParticleSystems":true},"in2DMode":false,"pivot":{"x":1.8915612697601319,"y":-4.638504505157471,"z":0.27167701721191409},"rotation":{"x":-0.0029999653343111278,"y":0.004499965347349644,"z":-0.000013499937267624773,"w":-0.9999854564666748},"size":30.323116302490236,"orthographic":false}