{"cameraMode":{"drawMode":0,"name":"Shaded","section":"Shading Mode"},"sceneLighting":false,"audioPlay":false,"sceneViewState":{"showFog":true,"showMaterialUpdate":false,"showSkybox":true,"showFlares":true,"showImageEffects":true,"showParticleSystems":true},"in2DMode":false,"pivot":{"x":0.7512156963348389,"y":9.164684295654297,"z":0.0624542236328125},"rotation":{"x":-0.0029999653343111278,"y":0.004499965347349644,"z":-0.000013499937267624773,"w":-0.9999854564666748},"size":58.84267044067383,"orthographic":false}