{"cameraMode":{"drawMode":0,"name":"Shaded","section":"Shading Mode"},"sceneLighting":false,"audioPlay":false,"sceneViewState":{"showFog":true,"showMaterialUpdate":false,"showSkybox":true,"showFlares":true,"showImageEffects":true,"showParticleSystems":true},"in2DMode":false,"pivot":{"x":-39.94557571411133,"y":26.445892333984376,"z":0.018341064453125},"rotation":{"x":-0.0029999923426657917,"y":0.0014999927952885628,"z":-0.000004499992428463884,"w":-0.9999943971633911},"size":26.438282012939454,"orthographic":false}